title,ingredient_text,similarity_score
Pimento Cheese Toasts ,"10 ounces extra-sharp Cheddar, coarsely grated (4 cups), 1/8 teaspoon cayenne, 3/4 cup mayonnaise, 1/4 cup finely diced bottled roasted red pepper (rinse and pat dry first), 1 baguette",0.21619754200220892
"Chick-Pea, Roasted Pepper and Caper Salad ","2 15 1/2-ounce cans chick-peas (garbanzo beans), rinsed, drained, 1 7-ounce jar roasted peppers or pimientos, drained, diced, 1/4 cup chopped fresh mint, 3 tablespoons drained capers, 2 large garlic cloves, minced, 3 tablespoons olives oil, 1 1/2 tablespoons fresh lemon juice",0.124582058270378
Smoked Salmon Tartare with Ginger and Sesame ,"2 tablespoons fresh lemon juice, 1 teaspoon wasabi powder, 6 ounces sliced smoked salmon (not lox), finely chopped, 1/4 cup finely diced seeded peeled English hothouse cucumber, 1 tablespoon minced fresh cilantro, 1 tablespoon minced green onion, 1 tablespoon toasted sesame seeds, 1 1/2 teaspoons minced peeled fresh ginger, 1 teaspoon oriental sesame oil, 2 8x1 1/2-inch strips dried nori (cut from one 8x8-inch sheet), Water crackers or Japanese rice crackers",0.12231541774632132
Turkey Enchiladas with Red Chili Sauce ,"1/2 cup vegetable oil, twelve 6- to 7-inch corn tortillas, 3 cups 1/3-inch pieces cooked turkey or chicken, 10 ounces extra-sharp Cheddar, grated (about 3 cups), 1 cup finely chopped red onion, 1/3 cup finely chopped fresh coriander plus coriander sprigs for  garnish, 2 cups red chili sauce or two 10-ounce cans enchilada  sauce, 2 avocados (preferably California) for garnish, 3 ounces (about 15) dried New Mexican red chilies (available at some  specialty foods shop, stemmed and seeded (wear rubber gloves), 1 large onion, halved, 1 large garlic clove, 6 cups water",0.1137714259900626
Bruschetta with Roasted Red Bell Peppers ,"6 large red bell peppers, 40 2-inch-diameter 1/2-inch-thick diagonal baguette slices, 3 1/2 tablespoons olive oil, 4 1/2 tablespoons sliced fresh basil, 3 large garlic cloves, minced, 3 garlic cloves, halved",0.1053867477398912
