selected_titles,total_emissions,total_protein,total_fat,total_energy
"Herb-Roasted Turkey , Pumpkin and Cookie-Butter Sheet Cake With Toasted Meringue , Fettucine with Peas, Asparagus, and Pancetta , Peach Crumb Cake , Potato, Red Pepper, and Fennel Salad ",6.867269534561425,59.63436417297574,53.436805209803666,1101.2155886051585
"Grilled Fish with Cilantro Chutney in Banana Leaves , Herb Sauce , Monte Cubano , Prosciutto, Goat Cheese, and Fig Sandwiches , Blue-Cheese-Crusted Steaks with Red Wine Sauce ",6.867269534561425,59.63436417297574,53.436805209803666,1101.2155886051585
"Lemon Fettuccine with Asparagus and Salmon Caviar , Five-Spice Apple Quince Pie , Crunchy Turnip, Apple, and Brussels Sprout Slaw , Roasted Shallot and Sesame Asparagus , Black Bean and Rice Salad ",6.867269534561425,59.63436417297574,53.436805209803666,1101.2155886051585
"Fish House Punch , Fennel-Dusted Chicken with Brown Butter and Capers , Orange-Vanilla Sundaes with Dates and Orange Muscat , Lychee Compote with Raspberries and Champagne Gelée , Chili-Lime Sauce ",6.867269534561425,59.63436417297574,53.436805209803666,1101.2155886051585
"Caramelized Walnuts , Curried Cheddar Date Bites , Hoffman House (or Astoria) , Potato, Greens, and Goat Cheese Quesadillas , Black Bean Tostadas with Curly Endive Salad ",6.867269534561425,59.63436417297574,53.436805209803666,1101.2155886051585
"Juicy Bella , Pepperoni Cheddar Straws , Coconut-Chocolate Marjolaine , Genoa Toasts , Peppered Chicken Liver, Sage, and Fried Onion Bruschetta ",6.867269534561425,59.63436417297574,53.436805209803666,1101.2155886051585
"Fennel, Prosciutto and Pine Nut Stuffing , Panfried Tofu with Chinese Black Bean Sauce , Old-Fashioned Potato Salad , Roasted Mushroom and Barley Gravy , Bittersweet Chocolate Truffles ",6.867269534561425,59.63436417297574,53.436805209803666,1101.2155886051585
"Chocolate-Orange Fruitcake with Pecans , Curried Chicken-Coconut Soup , Mustard Seed-Crusted Salmon with Mustard Cream Sauce , Prosciutto-Wrapped Asparagus with Truffle Butter , Blue-Cheese-Crusted Steaks with Red Wine Sauce ",6.867269534561425,59.63436417297574,53.436805209803666,1101.2155886051585
"Grilled Quail Salad with Creamy Garlic Vinaigrette , Vegetable-Herb Broth , Dill-Pickled Vegetables , Strawberry Sundaes with Prosecco Sabayon , Lemon Zabaglione ",6.867269534561425,59.63436417297574,53.436805209803666,1101.2155886051585
"Do-Ahead Turkey Stock , Cranberry Sauce with Cherries, Marsala and Rosemary , Crisp Spiced Nuts , Prime Rib Roast with Merlot Gravy and Yorkshire Puddings , Orange-Spice Bûche de Noël with Orange Cream Cheese Frosting ",6.867269534561425,59.63436417297574,53.436805209803666,1101.2155886051585
"Juicy Bella , Creamy Lima Bean Soup with Bacon , Coconut-Chocolate Marjolaine , Shrimp, Crab, and Oyster Gumbo , Aloo Gobhi Stuffing ",6.867269534561425,59.63436417297574,53.436805209803666,1101.2155886051585
"Double Olive Pasta , Sausages and Pork Chops Baked with Fruited Sauerkraut , Escarole, Bean and Sausage Soup , Potato Stew , Brining in a Bag ",6.867269534561425,59.63436417297574,53.436805209803666,1101.2155886051585
"Mashed Sweet Potatoes with Maple Syrup , Sweet Ginger Vinaigrette , Chocolate Chunk, Orange and Hazelnut Cookies , Spicy Savoy Slaw , Chicken with Bok Choy and Baby Corn ",6.867269534561425,59.63436417297574,53.436805209803666,1101.2155886051585
"Corn Bread and Spiced-Pecan Stuffing , Pasta with 15-Minute Ham, Pea, and Cream Sauce , Curried Butternut Squash Bisque , Succotash and Goat Cheese Quiche , Nectarine-Blackberry Crisp ",6.867269534561425,59.63436417297574,53.436805209803666,1101.2155886051585
"Bourbon Butterscotch Sauce , Parsley Pesto and Feta Phyllo Pizza , Coffee-Spice White Chocolate Truffles , Fruit Salad with Poppy Seed Dressing , Pickled Corn ",6.867269534561425,59.63436417297574,53.436805209803666,1101.2155886051585
"Kaimuki Daiquiri , Herb and Cheese Pie , Cold Cucumber Mint Soup , Red-Leaf Lettuce, Radish, and Pine Nut Salad , Baked Mushroom-Sesame Rice Balls ",6.867269534561425,59.63436417297574,53.436805209803666,1101.2155886051585
"Grilled Eggplant Stacks with Tomato and Feta , Jasmine Rice Timbales with Black and White Sesame Seeds , Cold Curried Carrot and Coconut Milk Soup , Grilled Beef Tenderloin with Potato Hobo Packs , Boiled Dressing ",6.867269534561425,59.63436417297574,53.436805209803666,1101.2155886051585
"Grilled Broccoli and Arugula Salad , Curried Beef and and Sugar Snap Peas Over Rice Noodles , Cheese-Stuffed Smoked Pork Chops on Warm Cabbage Caraway Slaw , Epicurean Sauce , Pan Fried Potatoes with Paprika and Lemon ",6.867269534561425,59.63436417297574,53.436805209803666,1101.2155886051585
"Cilantro Salad , Swiss Chard with Horseradish , Boston Cream Pie , Rice with Summer Squash, Red Peppers, and Roasted Pepitas , Buttered Egg Noodles ",6.867269534561425,59.63436417297574,53.436805209803666,1101.2155886051585
"Cilantro Salad , Swiss Chard with Horseradish , Coconut-Lime Shrimp with Peanut Sauce , Ricotta Puddings with Glazed Rhubarb , 101 ""Whaler"" Fish Sandwich ",6.867269534561425,59.63436417297574,53.436805209803666,1101.2155886051585
"Caramelized Walnuts , Crab with Dill on Cayenne Toasts , Jollof Rice , Potato, Cucumber, and Fresh Dill Salad , Black Bean Tostadas with Curly Endive Salad ",6.867269534561425,59.63436417297574,53.436805209803666,1101.2155886051585
"Fish Soup with Tomatoes and Red Pepper-Garlic Sauce , Summer Pasta with Olives, Roasted Peppers and Capers , Braised Bacon, Pomegranate, and Pine Nut Relish , Shark and Bake , Baked Hawaiian Islands ",6.867269534561425,59.63436417297574,53.436805209803666,1101.2155886051585
"Bourbon Butterscotch Sauce , Croque-Monsieur , Coffee-Cardamom Flans with Orange Crème Fraîche , Shoe String Potatoes (Pommes Pailles) , Apricot Almond Scones ",6.867269534561425,59.63436417297574,53.436805209803666,1101.2155886051585
"Kid-Friendly Turkey Burgers , Couscous Vegetable Salad , Metropolitan Martini , Prune, Cherry, and Apricot Frangipane Tart , Barbecued Chicken ",6.867269534561425,59.63436417297574,53.436805209803666,1101.2155886051585
"Passion-Fruit Meringues , Coleslaw with Apple and Yogurt Dressing , Classic Tomato Toast with Mayonnaise and Chives , Roasted Cauliflower with Lemon-Parsley Dressing , Lime-Pickled Red Onions ",6.867269534561425,59.63436417297574,53.436805209803666,1101.2155886051585
"Antipasto Salad with Basil Dressing , Couscous with Zucchini and Cherry Tomatoes , Coffee Cream , Succotash and Goat Cheese Quiche , Nectarine-Blackberry Crisp ",6.867269534561425,59.63436417297574,53.436805209803666,1101.2155886051585
"Fish Fillets in Mole Verde , Monte Cubano , Maple Old-Fashioned , Smoked Turkey, Black Bean, Bell Pepper and Corn Salad , Cranberry, Tangerine, and Crystallized-Ginger Relish ",6.867269534561425,59.63436417297574,53.436805209803666,1101.2155886051585
"Grilled Pitas with Tomatoes, Olives, and Feta , Creamy Fettuccine with Bacon , Mesclun and Cherry Salad with Warm Goat Cheese , Pumpkin Cake with Sage Ice Cream and Pumpkin Cherry Compote , Bouillabaisse Linder ",6.867269534561425,59.63436417297574,53.436805209803666,1101.2155886051585
"Cider-Dijon Pork Chops with Roasted Sweet Potatoes and Apples , Passion-Fruit Ice Cream , Pancetta-Sage Turkey with Pancetta-Sage Gravy , Roast Turkey with Sage and Sherried Cider Giblet Gravy , Cauliflower and Brussels Sprout Gratin with Pine Nut-Breadcrumb Topping ",6.867269534561425,59.63436417297574,53.436805209803666,1101.2155886051585
"Cilantro Salad , Swiss Chard with Horseradish , Braised Cauliflower with Curry and Yogurt , Rice with Summer Squash, Red Peppers, and Roasted Pepitas , Blood Orange Sorbet ",6.867269534561425,59.63436417297574,53.436805209803666,1101.2155886051585
"Corn Bread and Spiced-Pecan Stuffing , Pasta with Sun-Dried Tomatoes, Olive, and Goat Cheese , Curried Butternut Squash Bisque , Succotash and Goat Cheese Quiche , Nectarine-Blackberry Crisp ",6.867269534561425,59.63436417297574,53.436805209803666,1101.2155886051585
"Cinnamon Flan , Curried Chicken-Coconut Soup , Leeks Vinaigrette , Prosciutto-Wrapped Asparagus with Truffle Butter , Chocolate Sour Cream Frosting ",6.867269534561425,59.63436417297574,53.436805209803666,1101.2155886051585
"Passion-Fruit Meringues , Coleslaw with Apple and Yogurt Dressing , Classic Salad , Sizzling Halloumi Cheese with Fava Beans and Mint , Lime-Pickled Red Onions ",6.867269534561425,59.63436417297574,53.436805209803666,1101.2155886051585
"Pineapple-Mint Vodka , Moroccan Chicken Brochettes , Chicken Vegetable Soup with Lime and Cilantro , Goan Red Spice Paste , Liberty ",6.867269534561425,59.63436417297574,53.436805209803666,1101.2155886051585
"Green Bean and Red Onion Salad with Warm Cider Vinaigrette , Zucchini Ribbons with Tarragon , Kale, Butternut Squash, and Pancetta Pie , Sour Cherry Cobbler , Panfried Almond-and Sesame-Dusted Chicken ",6.867269534561425,59.63436417297574,53.436805209803666,1101.2155886051585
"Cider-Dijon Pork Chops with Roasted Sweet Potatoes and Apples , Pastry Twists with Spiced Sugar-Honey Glaze , Pancetta-Sage Turkey with Pancetta-Sage Gravy , Southwestern Taco Salad , Cauliflower and Brussels Sprout Gratin with Pine Nut-Breadcrumb Topping ",6.867269534561425,59.63436417297574,53.436805209803666,1101.2155886051585
"Peanut Butter, Chocolate and Banana FroYo , Coriander Eggplant Salad , Grilled Chicken Breast Stuffed with Prosciutto and Basil , Rigatoni with Marinara Sauce and Ricotta , Blueberry-Beet Smoothie with Coconut Water ",6.867269534561425,59.63436417297574,53.436805209803666,1101.2155886051585
"Cal-a-Vie Turkey Cheeseburgers with Chipotle Mayonnaise , Cumin Seed Roasted Cauliflower with Salted Yogurt, Mint, and Pomegranate Seeds , Coconut Water and Lime Rickey , Potage Saint-Germain , Pea Pesto ",6.867269534561425,59.63436417297574,53.436805209803666,1101.2155886051585
"Grilled Lamb with Curried Vegetables and Grape Pine Nut Gremolata , Cranberry-Pear Crumble , Miso, Carrot, and Sesame Dressing , Potato Stew , Brown Rice and Chicken Stir-Fry with Edamame and Walnuts ",6.867269534561425,59.63436417297574,53.436805209803666,1101.2155886051585
"Petit Trois's French Onion Soup , Pasta with Sausage, Eggplant and Basil , Grilled Chicken Breast Stuffed with Prosciutto and Basil , Linguine with Mussels and Fresh Herbs , Chinese Celery Strips ",6.867269534561425,59.63436417297574,53.436805209803666,1101.2155886051585
"Chipotle Pico de Gallo , Texican Rice , Citrus Vinaigrette , Roast Chicken with Herb-and-Garlic Pan Drippings , Baked French Toast with Pecan Crumble ",6.867269534561425,59.63436417297574,53.436805209803666,1101.2155886051585
"Fish House Punch , Frozen Butter Pastry Dough , Orange-Vanilla Sundaes with Dates and Orange Muscat , Lychee Compote with Raspberries and Champagne Gelée , One-of-Each Soup ",6.867269534561425,59.63436417297574,53.436805209803666,1101.2155886051585
"Green Bean and Roasted Tomato Salad , Whole Wheat Date Rolls , Kale, Butternut Squash, and Pancetta Pie , Roast Heritage Turkey with Bacon-Herb and Cider Gravy , Panettone Panzanella with Pancetta and Brussels Sprouts ",6.867269534561425,59.63436417297574,53.436805209803666,1101.2155886051585
"Grilled Cornbread Salad with Red Onions, Arugula, and Red Wine Vinaigrette , Lemon Thyme Madeleines with Lemon Vodka Syrup , Braised Chicken with Artichoke Hearts, Mushrooms, and Peppers , Shallot Vinaigrette , Blood-Orange Mimosas ",6.867269534561425,59.63436417297574,53.436805209803666,1101.2155886051585
"Fish Fillets in Mole Verde , Monte Cubano , Maple Old-Fashioned , Magpie Dough for Flaky Piecrust , Cranberry, Tangerine, and Crystallized-Ginger Relish ",6.867269534561425,59.63436417297574,53.436805209803666,1101.2155886051585
"Grilled Lemongrass Lamb Chops with Herbs , Finnish Sweet Cardamom Raisin Bread , Maple Sugar Tartlets , Potato, Leek, Gruyère and Oyster Mushroom Gratin , Black-Eyed Pea Chile Verde ",6.867269534561425,59.63436417297574,53.436805209803666,1101.2155886051585
"Concord Grape and Pear Pie , Pasta with Sun-Dried Tomatoes, Olive, and Goat Cheese , Dill-Pickled Vegetables , Strawberry Sundaes with Prosecco Sabayon , Orange Angel Food Cake with Caramel Sauce and Tropical-Fruit Compote ",6.867269534561425,59.63436417297574,53.436805209803666,1101.2155886051585
"Cabbage Soup with Apples and Thyme , Cranberry-Crab Rangoon , Coconut Cream Tart with Macadamia Nut Crust , Prosciutto-Wrapped Asparagus Spears , Negroni ",6.867269534561425,59.63436417297574,53.436805209803666,1101.2155886051585
"Grilled Chicken Palliards with Nectarine Chutney , Mushroom Risotto Cakes , Cheesecake with Ginger-Lime Candied Raspberries , Deep-Fried Masa Turnovers with Crab , Lamb Chops on Spiced Tomatoes and Onions ",6.867269534561425,59.63436417297574,53.436805209803666,1101.2155886051585
"Grilled Shrimp with Almonds , Sausages and Pork Chops Baked with Fruited Sauerkraut , Escarole, Bean and Sausage Soup , Potato Stew , Bread Pudding with Apple, Raisins and Figs ",6.867269534561425,59.63436417297574,53.436805209803666,1101.2155886051585
