selected_titles,total_emissions,total_protein,total_fat,total_energy
"Herb-Roasted Turkey , Pumpkin and Cookie-Butter Sheet Cake With Toasted Meringue , Fettucine with Peas, Asparagus, and Pancetta , Peach Crumb Cake , Potato, Red Pepper, and Fennel Salad ",6.867269534561425,59.63436417297574,53.436805209803666,1101.2155886051585
"Grilled Fish with Cilantro Chutney in Banana Leaves , Herb Sauce , Monte Cubano , Prosciutto, Goat Cheese, and Fig Sandwiches , Blue-Cheese-Crusted Steaks with Red Wine Sauce ",6.867269534561425,59.63436417297574,53.436805209803666,1101.2155886051585
"Lemon Fettuccine with Asparagus and Salmon Caviar , Five-Spice Apple Quince Pie , Crunchy Turnip, Apple, and Brussels Sprout Slaw , Roasted Shallot and Sesame Asparagus , Black Bean and Rice Salad ",6.867269534561425,59.63436417297574,53.436805209803666,1101.2155886051585
"Fish House Punch , Fennel-Dusted Chicken with Brown Butter and Capers , Orange-Vanilla Sundaes with Dates and Orange Muscat , Lychee Compote with Raspberries and Champagne Gelée , Chili-Lime Sauce ",6.867269534561425,59.63436417297574,53.436805209803666,1101.2155886051585
"Caramelized Walnuts , Curried Cheddar Date Bites , Hoffman House (or Astoria) , Potato, Greens, and Goat Cheese Quesadillas , Black Bean Tostadas with Curly Endive Salad ",6.867269534561425,59.63436417297574,53.436805209803666,1101.2155886051585
"Juicy Bella , Pepperoni Cheddar Straws , Coconut-Chocolate Marjolaine , Genoa Toasts , Peppered Chicken Liver, Sage, and Fried Onion Bruschetta ",6.867269534561425,59.63436417297574,53.436805209803666,1101.2155886051585
"Fennel, Prosciutto and Pine Nut Stuffing , Panfried Tofu with Chinese Black Bean Sauce , Old-Fashioned Potato Salad , Roasted Mushroom and Barley Gravy , Bittersweet Chocolate Truffles ",6.867269534561425,59.63436417297574,53.436805209803666,1101.2155886051585
"Chocolate-Orange Fruitcake with Pecans , Curried Chicken-Coconut Soup , Mustard Seed-Crusted Salmon with Mustard Cream Sauce , Prosciutto-Wrapped Asparagus with Truffle Butter , Blue-Cheese-Crusted Steaks with Red Wine Sauce ",6.867269534561425,59.63436417297574,53.436805209803666,1101.2155886051585
"Grilled Quail Salad with Creamy Garlic Vinaigrette , Vegetable-Herb Broth , Dill-Pickled Vegetables , Strawberry Sundaes with Prosecco Sabayon , Lemon Zabaglione ",6.867269534561425,59.63436417297574,53.436805209803666,1101.2155886051585
"Do-Ahead Turkey Stock , Cranberry Sauce with Cherries, Marsala and Rosemary , Crisp Spiced Nuts , Prime Rib Roast with Merlot Gravy and Yorkshire Puddings , Orange-Spice Bûche de Noël with Orange Cream Cheese Frosting ",6.867269534561425,59.63436417297574,53.436805209803666,1101.2155886051585
