index,combined_explanation,true,pred
13, SHAP insight: total_protein decreases the predicted total_protein (impact 0.000); total_fat decreases the predicted total_protein (impact 0.000),59.63436417297574,59.63436417297585
39, SHAP insight: total_protein decreases the predicted total_protein (impact 0.000); total_fat decreases the predicted total_protein (impact 0.000),59.63436417297574,59.63436417297585
30, SHAP insight: total_protein decreases the predicted total_protein (impact 0.000); total_fat decreases the predicted total_protein (impact 0.000),59.63436417297574,59.63436417297585
45, SHAP insight: total_protein decreases the predicted total_protein (impact 0.000); total_fat decreases the predicted total_protein (impact 0.000),59.63436417297574,59.63436417297585
17, SHAP insight: total_protein decreases the predicted total_protein (impact 0.000); total_fat decreases the predicted total_protein (impact 0.000),59.63436417297574,59.63436417297585
48, SHAP insight: total_protein decreases the predicted total_protein (impact 0.000); total_fat decreases the predicted total_protein (impact 0.000),59.63436417297574,59.63436417297585
26, SHAP insight: total_protein decreases the predicted total_protein (impact 0.000); total_fat decreases the predicted total_protein (impact 0.000),59.63436417297574,59.63436417297585
25, SHAP insight: total_protein decreases the predicted total_protein (impact 0.000); total_fat decreases the predicted total_protein (impact 0.000),59.63436417297574,59.63436417297585
32, SHAP insight: total_protein decreases the predicted total_protein (impact 0.000); total_fat decreases the predicted total_protein (impact 0.000),59.63436417297574,59.63436417297585
19, SHAP insight: total_protein decreases the predicted total_protein (impact 0.000); total_fat decreases the predicted total_protein (impact 0.000),59.63436417297574,59.63436417297585
