{
    "model_name": "RandomForestRegressor",
    "model_path": "D:\\Complete_Data\\nutrition_project\\models\\xai_randomforest.joblib",
    "date_generated": "2025-10-29 21:36:40.890763",
    "r2": -255.0,
    "mae": 1.1368683772161603e-13,
    "mse": 1.2924697071141057e-26,
    "shap_version": "0.49.1",
    "feature_count": 4,
    "features": [
        "total_emissions",
        "total_protein",
        "total_fat",
        "total_energy"
    ],
    "interactive_html_dir": "D:\\Complete_Data\\nutrition_project\\results\\shap_force_htmls"
}