{
  "diabetes": [
    "sugar",
    "honey",
    "syrup",
    "soda",
    "sweet",
    "candy",
    "cake",
    "cookie",
    "pastry",
    "white rice",
    "white bread",
    "refined flour",
    "white pasta",
    "dessert",
    "jam",
    "jelly",
    "maple",
    "brown sugar",
    "confection"
  ],
  "hypertension": [
    "salt",
    "sodium",
    "soy sauce",
    "pickles",
    "canned",
    "processed meat",
    "ham",
    "bacon",
    "salami",
    "sausage",
    "instant noodles",
    "bouillon"
  ],
  "celiac": [
    "wheat",
    "barley",
    "rye",
    "malt",
    "triticale",
    "bulgur",
    "semolina",
    "farina",
    "graham",
    "spelt",
    "kamut",
    "harina",
    "durum",
    "flour"
  ],
  "pcos": [
    "sugar",
    "white bread",
    "fried",
    "processed snack",
    "soda",
    "refined carbs",
    "trans fat",
    "fast food"
  ],
  "kidney_disease": [
    "potassium",
    "banana",
    "avocado",
    "potato",
    "tomato",
    "spinach",
    "orange",
    "orange juice",
    "dried fruit",
    "salt_substitute"
  ],
  "gout": [
    "red meat",
    "organ meat",
    "liver",
    "kidney",
    "anchovy",
    "sardine",
    "mackerel",
    "tuna",
    "beer"
  ],
  "thyroid": [
    "soy",
    "broccoli",
    "cabbage",
    "cauliflower",
    "kale",
    "turnip",
    "cassava"
  ],
  "gerd": [
    "chocolate",
    "mint",
    "fried",
    "spicy",
    "tomato",
    "citrus",
    "onion",
    "garlic",
    "coffee",
    "alcohol"
  ],
  "ibs_low_fodmap": [
    "garlic",
    "onion",
    "wheat",
    "beans",
    "lentils",
    "apples",
    "pears",
    "mango",
    "watermelon",
    "milk",
    "yogurt",
    "mushroom",
    "cauliflower"
  ],
  "pregnancy": [
    "raw fish",
    "undercooked_meat",
    "unpasteurized_cheese",
    "high_mercury_fish",
    "raw_eggs",
    "excess_alcohol"
  ],
  "hyperlipidemia": [
    "fried",
    "trans fat",
    "processed_meat",
    "butter",
    "cream",
    "full-fat cheese",
    "pastry",
    "commercial_baked_goods"
  ],
  "anemia": [
    "tea",
    "coffee",
    "calcium_supplements",
    "high_fiber_just_before_iron"
  ],
  "osteoporosis": [
    "excess_salt",
    "excess_alcohol",
    "high_phosphorus_soda"
  ],
  "migraine": [
    "aged_cheese",
    "processed_meat",
    "wine",
    "beer",
    "chocolate",
    "tyramine"
  ]
}