{
  "warfarin": {
    "avoid_keywords": [
      "kale",
      "spinach",
      "collard",
      "broccoli",
      "brussels sprouts",
      "lettuce",
      "parsley"
    ],
    "note": "Vitamin K rich foods can alter anticoagulant effect."
  },
  "statins": {
    "avoid_keywords": [
      "grapefruit",
      "grapefruit juice"
    ],
    "note": "Grapefruit can increase blood levels of some statins."
  },
  "maoi": {
    "avoid_keywords": [
      "aged cheese",
      "fermented",
      "smoked meat",
      "sauerkraut",
      "soy sauce",
      "kimchi"
    ],
    "note": "MAOI interaction with tyramine-rich foods."
  },
  "levodopa": {
    "avoid_keywords": [],
    "note": "High-protein meals may reduce levodopa absorption; consider timing."
  },
  "metformin": {
    "avoid_keywords": [
      "excess_alcohol"
    ],
    "note": "Avoid excess alcohol; long term may affect B12."
  },
  "ace_inhibitor": {
    "avoid_keywords": [
      "banana",
      "avocado",
      "spinach",
      "potato",
      "tomato"
    ],
    "note": "Some antihypertensives can raise potassium; monitor intake."
  }
}